0.0149,-0.0101,0.0016,0.0049,0.0215,1,1,2,7.40130396845855
0.0152,-0.0052,0.0041,0.006,0.0357,1,1,1,7.3584289186927
0.0153,-0.0082,0.0173,-0.0069,0.0176,2,1,1,7.24694271762541
0.0141,-0.0025,-0.0036,0.0053,0.0064,1,1,2,7.3371835615354
0.0151,-0.0043,0.0268,0.0035,0.0484,1,2,1,6.93357383441854
0.0118,-0.0047,-0.0821,0.0024,0.0018,1,1,1,7.18954087083163
0.0148,-0.007,9e-04,-0.0104,0.0139,1,1,1,7.34580118745115
-0.0089,0.1241,0.0025,-0.3116,-0.0406,1,1,2,7.2828029066734
0.0145,-0.0073,0.0219,0.0193,0.0173,2,1,1,7.43894531995282
0.0146,-0.0052,0.0308,0.0019,-0.0329,1,1,1,7.25822750235975
-0.0929,-0.0142,0.0037,0.0103,-0.0056,1,1,1,7.12205248726198
0.0139,-0.0097,0.0067,-0.0144,0.0296,1,1,2,7.29252416543352
0.014,-0.008,-0.0047,0.0077,0.0116,1,1,2,7.34512947662729
0.0149,-0.0042,0.0074,0.0066,-0.0075,1,1,1,7.32476123251405
0.014,-0.0028,0.0354,0.0067,-0.1157,2,1,1,7.3145698503445
0.0132,0.0032,0.0434,0.0023,-0.0288,1,1,1,7.47462192129908
0.0147,-0.0068,-0.0059,-1e-04,0.0026,2,1,2,7.49635782877227
0.0142,-0.0045,0.0061,0.0036,-0.0299,1,2,1,7.28528555367606
0.0115,-7e-04,-0.0606,-0.002,-0.0067,2,1,2,7.40437525984857
0.0143,-0.008,0.0061,5e-04,0.0224,2,1,1,7.49874774403555
0.0144,-0.0099,0.0078,-0.0115,0.0226,1,1,2,7.33566059769072
0.0157,-0.0042,0.0144,-0.0209,0.0068,2,1,1,7.27702051261313
0.0158,-0.0019,0.0102,-0.0011,0.0032,1,1,1,7.56034614067925
0.0136,-7e-04,-0.0055,-0.016,0.0239,1,1,1,7.22867309314465
0.0153,-0.0043,0.0261,0.0185,-0.0032,1,1,1,7.35352066790545
0.0147,-0.008,0.0081,-0.0087,0.0221,2,1,2,7.45987773668662
-0.0028,9e-04,0.0188,0.0446,-0.077,1,1,1,7.23129820909629
0.0156,-0.0097,0.0239,-0.0182,0.0075,1,1,2,7.44241582742989
0.0141,-0.0083,0.0026,0.015,0.0228,1,1,1,7.4706940423794
0.0078,0.0044,-0.1499,0.0024,-0.0107,2,1,2,7.17811028400113
0.0145,-0.0073,0.0154,0.0056,0.0377,1,1,2,7.46398737435069
0.0142,-0.0039,-0.0217,0.0023,-0.0117,1,1,2,7.29695050257264
0.0157,-0.0031,0.0053,-0.0017,0.0151,1,2,1,7.37014919937169
-0.1007,-0.0096,0.003,-0.0011,-0.0059,1,2,1,7.32631986138921
0.0111,-0.0025,-0.0751,0.0077,0.0096,1,2,2,7.41151989092849
0.0119,-3e-04,-0.0759,0.0057,0.0304,1,1,1,7.17602240344572
0.014,-0.0055,-0.0147,0.0037,0.0027,1,1,1,7.2786127066854
0.0157,-0.0076,-0.0097,-0.008,0.0133,1,1,1,7.35293753383652
0.0148,-0.0085,0.0074,-0.0139,0.0379,1,1,1,7.25659126273916
0.0144,-0.0075,0.0227,-0.0134,-0.0012,1,1,2,6.99157319525647
0.015,-0.007,0.0084,0.0069,-0.0078,1,1,2,7.33186725990147
0.0146,-0.0053,0.0025,0.003,-0.0024,2,1,2,7.30603954617027
0.0144,-0.003,0.0116,-0.0042,-0.0139,1,1,2,7.34609359190169
-0.0985,-0.015,-0.0054,0.0026,-4e-04,1,1,2,7.36915161790711
0.0148,-0.0019,0.0132,-0.015,0.0175,1,1,1,7.27204948397005
-0.1005,-0.0101,0.0096,0.0017,-0.0077,2,1,1,7.51452994223698
-0.1036,-0.0173,0.0033,0.0045,0.0071,2,1,1,7.46093876068614
-0.0712,-0.0136,0.0076,0.0064,0.0035,2,1,1,7.40965324274853
-0.0032,0.078,-0.0675,0.0115,-0.0366,2,1,1,7.59781552146576
0.015,-0.0039,0.0027,0.0159,0.0214,1,1,1,7.40681392107357
0.0149,-0.0013,0.0062,0.0018,-0.0398,1,1,2,7.31754903887027
0.0134,-0.0047,-0.0111,-0.0098,0.0208,1,1,1,7.16530410800416
0.0157,-0.0042,0.014,0.0054,0.022,2,1,1,7.46476870874711
0.0145,-0.0122,0.0246,-0.0082,0.0301,1,1,2,7.47129668487604
0.0155,-0.0052,0.0145,-0.0052,0.0233,1,1,2,7.20405165733089
0.0151,-0.0117,0.0189,-0.0041,0.0301,1,1,2,7.43804909312517
0.0148,-0.0085,0.0125,-0.0026,0.0183,1,1,1,7.30665215241907
-0.0583,-0.0045,0.0191,-0.0048,-0.008,1,1,1,7.42721913719159
0.0121,0.0019,-0.0615,0.02,-0.063,1,1,2,7.18597903416428
0.0139,-0.004,0.008,-0.0069,0.0098,2,1,1,7.24898974807687
0.0144,-0.0032,0.0123,-0.0198,-0.0131,1,1,1,7.37806396549949
0.01,-0.0053,-0.064,0.0061,0.0154,1,2,2,7.39501129732384
0.0152,-0.0021,0.0117,0.021,-0.0604,1,1,2,7.25333456391647
0.0145,-0.0077,0.0284,-0.002,0.0247,1,1,2,7.52370443963544
0.0143,0.0085,0.0375,0.0238,-0.0532,1,1,2,7.12098523040521
0.0148,-0.006,0.0154,0.0143,0.0425,2,1,1,7.44430073552262
-0.0953,-0.0064,6e-04,-0.0032,-0.0123,1,1,2,7.37046851059973
0.014,-0.0011,-0.0218,-0.0159,0.0084,2,1,1,7.33953411833536
0.0121,-0.005,-0.0179,0.0128,-0.0408,1,1,1,7.36054382846581
0.0133,-0.0014,-0.021,0.0086,-0.0096,2,1,1,7.44127771396995
0.0145,-0.0117,0.0035,-0.0088,-0.0092,1,1,1,7.48534349685312
-0.0612,0.001,-0.0071,-0.0433,-0.0099,2,1,2,7.47501655183296
0.0134,-0.0088,0.0044,0.0052,0.0148,1,1,1,7.30425925178504
0.0147,-0.0061,0.0183,0.0089,0.0175,1,1,1,7.4433158351428
0.0143,-0.0048,-0.0055,-0.0113,0.0195,1,1,1,7.01504939227252
0.0161,-0.0084,0.0136,-8e-04,0.0478,1,1,1,7.30883851944981
0.0047,0.0373,-0.0137,-0.1217,-0.0209,2,1,1,7.30431705539088
0.0134,-0.0042,-0.0324,-0.0039,0.0139,2,1,2,7.40565133512291
0.015,-0.0025,0.0377,-0.0159,0.0374,1,1,1,7.34427083111416
0.0139,-0.0067,0.0187,0.0107,-0.0048,2,1,2,7.48070279508824
0.0118,-8e-04,-0.0695,-0.0052,-0.0049,1,1,1,7.44462097851553
0.0128,-0.0024,-0.0345,0,-0.0045,2,1,1,7.52676873216294
0.0149,-0.0113,0.0133,-6e-04,0.0325,1,1,1,7.41386726252009
-0.0994,-0.0115,0.0053,-0.0043,0.0032,1,1,1,7.56477012862167
0.0147,-0.004,4e-04,0.0145,0.0023,1,1,1,7.32901105282909
0.0145,-0.0063,0.0098,-0.0026,0.0135,1,1,1,7.35952876974198
-0.0986,-0.014,0.0031,3e-04,-0.0144,1,1,2,7.41943290993307
0.0146,-0.0055,0.008,0.0166,0.0257,1,2,2,7.12674629266646
-0.0241,0.2895,0.0209,0.113,0.0448,1,1,2,7.35900218450764
0.0137,0.0018,0.0017,-0.0108,0.0101,1,1,2,7.29534626830338
-0.0966,-0.0143,-0.0172,2e-04,-0.0012,1,1,1,7.32931483675821
0.0032,0.0188,-0.1583,0.0058,-0.0199,1,1,2,7.24889701153417
0.016,-0.0023,0.0154,0.003,-0.0036,1,1,1,7.50802145198862
0.0083,0.0101,-0.1046,0.0266,-0.0163,1,1,1,7.28786639917486
0.0147,-9e-04,0.0089,0.0068,-0.1241,1,1,2,7.26751475596399
0.0148,-0.0013,0.0233,0.0265,-0.1343,2,1,1,7.31216171563074
0.0158,-0.0056,0.0334,0.0038,0.0218,2,1,2,7.41857433028854
-0.0832,-0.0084,0.0165,-0.0116,0.0099,2,1,1,7.28431453042535
0.0148,-0.0048,0.0088,-0.0092,0.0132,1,1,1,7.37779685050224
0.0129,-0.0043,-0.0058,-0.0198,0.046,1,1,1,7.38243353124047
0.0147,-0.0064,-0.0289,-0.0077,-0.0016,1,1,2,7.34869860712692
0.016,-0.0043,0.0311,0.0149,-0.1417,1,1,2,7.30903999896501
0.0135,-0.0036,-0.0071,0.0046,0.028,1,1,1,7.4991002375776
0.0133,-0.0072,0.0057,0.0029,0.0208,2,1,1,7.34099478413886
0.0152,-0.003,0.0041,0.0123,-0.0164,1,1,1,7.42660838932834
-0.1002,-0.0145,-0.0099,6e-04,0.0027,2,1,1,7.49678953092453
0.015,-0.0017,-0.0017,-0.0137,-0.001,1,1,1,7.37261006336901
-0.0663,-0.013,0.0143,0.0107,0.0025,1,2,1,7.40507323065141
0.0144,-0.0046,0.0131,-0.0084,0.0365,1,1,2,7.36003760032992
0.0125,-0.0043,-0.0019,0.0133,-0.037,2,1,1,7.47538893593581
0.0148,-0.0042,-0.0041,0.0114,-0.0076,1,1,1,7.3233688591434
-0.0948,-0.0111,0.0043,-0.0013,0.0079,2,1,2,7.31385600446392
0.0109,-0.0059,-0.0617,0.0047,-0.0043,1,2,2,7.53223122950882
0.0159,-0.003,0.0053,0.0026,0.0265,2,1,1,7.2584355786467
0.0138,-0.0016,0.0092,-0.0021,0.0175,1,1,2,7.32577911562946
0.0141,-0.0061,0.0134,0.0139,0.0102,2,1,1,7.49342843709696
0.0145,0.0017,-0.0055,-0.0039,0.0323,2,1,1,7.38071004998688
0.0143,-0.0041,-0.0209,0.0065,-0.0233,2,1,2,7.29455411229886
0.0146,-0.009,0.0158,0.0135,0.0366,1,1,1,7.20980758220051
0.0138,-0.0085,-0.0102,-0.0173,0.0034,1,1,1,7.31550391036468
0.0073,0.006,-0.1548,0.0089,-0.0198,1,1,2,7.37620796024319
0.016,-0.0091,0.0392,-0.0025,0.0089,1,1,1,7.42065619737243
0.0148,-0.008,0.0063,-0.0051,0.0158,2,1,1,7.12983256091872
0.0159,-0.0041,0.0223,-0.0032,0.019,1,1,1,7.34691918342786
0.0144,-0.0046,0.0166,0.0097,0.0054,1,1,1,7.28279183289571
0.0075,3e-04,-0.1604,0.0124,0.0202,1,1,1,7.37960818532626
0.0143,-0.001,0.0356,-0.0096,-0.018,1,1,1,7.2035017317574
0.0145,-0.0037,0.0316,0.0136,-0.115,1,1,1,7.38637028117365
0.0106,0.0037,-0.0116,-0.0239,-0.0036,1,1,2,7.21802655217025
0.0105,4e-04,-0.0576,0.0135,-0.0152,1,1,1,7.36471412061545
0.0143,-0.0054,0.0115,0.0132,-0.0368,1,1,1,7.26891350787535
0.0148,-0.004,0.0212,0.001,0.0467,1,1,1,7.40420622093568
0.0158,-0.0051,0.0095,-0.0144,0.0335,1,2,2,6.94504038230733
0.0156,-0.0054,0.0228,-0.0094,0.0259,1,1,1,7.30444735468808
0.0156,-0.0097,0.0184,0.0157,0.0249,1,1,2,7.25186761818653
0.0158,-0.0079,-0.0057,-0.0037,0,2,1,2,7.54133008962941
0.0127,0.0175,0.0166,-0.0527,-0.0076,2,1,1,7.32028245452416
-0.0883,-0.0143,0.0085,0.003,0.0059,1,1,1,7.31439823171146
0.0118,-0.0014,-0.0515,0.0091,-0.0048,1,2,2,7.45941595109116
0.0146,-0.0085,-0.0197,0.0025,0.0017,1,1,2,7.32016999503345
0.0144,-0.0081,0.0133,0.0035,0.0018,1,1,1,7.34489038505648
-0.0898,-0.012,0.0067,0.0028,0.0143,2,1,2,7.32183938979618
0.0135,-0.0045,-0.0129,0.0039,0.0173,1,1,1,7.44610716427018
0.0143,-0.0101,-0.0026,-0.0178,0.0163,1,1,1,7.27353844572805
0.013,-0.006,-0.0396,0.0158,0.02,2,1,2,7.45730462793328
-0.0174,0.0453,-0.0026,-0.1447,-0.0351,2,1,1,7.34078182098558
0.0136,-1e-04,0.0169,0.0042,-0.0041,1,1,1,7.32834122886944
0.012,-0.0021,-0.0672,-0.0043,0.0051,2,1,2,7.68862992342542
0.0148,-0.0042,0.0069,-0.0037,0.0223,1,1,2,7.39034927967208
0.0141,-0.0071,0.0125,0.0041,0.022,2,1,1,7.19955986533062
0.0136,-0.0057,0.0038,0.0116,0.0019,1,1,1,7.32191236759167
0.0142,-0.0062,-0.0182,-0.0067,0.0239,1,1,2,7.29221935419438
0.0148,-0.0043,0.0184,-0.0092,0.0201,2,1,1,7.44859791822081
0.0157,-0.0068,0.0102,-0.0143,0.0109,1,1,2,7.23390785681396
0.0165,-0.0069,0.04,0.0145,-0.0514,2,1,2,7.32759678087126
-0.09,-0.0172,-0.0033,0.0114,0.0063,2,1,2,7.26089995637683
0.016,0,0.0549,0.0373,-0.1498,1,1,2,7.2759510355812
-0.0245,0.2918,0.0227,0.121,0.0376,1,1,2,7.33052939393655
0.0141,-0.0062,0.0122,0.015,-0.012,2,1,2,7.4084815083643
0.0079,-0.002,-0.1044,0.0016,0.0175,1,2,1,6.97683376206192
-0.0106,0.0301,-0.0437,-0.1206,0.0163,2,1,1,7.38358380017263
0.0109,-0.0067,-0.0581,0.0127,0.0053,1,1,1,7.39694123454005
0.0133,-0.0048,-0.022,-0.0022,0.0199,1,1,1,7.31626762001933
0.0089,0.0021,-0.1375,0.0053,-0.0057,1,1,1,7.44746470555864
0.0148,-6e-04,0.0457,0.0113,-0.037,1,1,1,7.37685866439752
0.0146,-0.0039,0.0078,0.0129,-0.0028,1,1,1,7.44063657121007
0.0085,0.0038,-0.1116,0.0111,-0.0987,1,2,2,7.4648772734998
-0.0975,-0.0128,0.0058,0.0178,-0.0125,2,1,1,7.50920989048458
-0.0235,0.0372,-0.029,-0.1345,-0.0056,1,1,1,7.43928367106093
0.0149,-0.0026,0.0061,0.0155,-0.0516,1,1,1,6.89967350661187
-0.0237,0.2672,0.0172,0.1142,0.0311,2,1,2,7.51793524533155
0.0133,-0.0082,0.0225,-0.0048,0.0415,1,2,1,7.30568687205695
-0.098,-0.0148,-0.0017,0.0022,0.0036,1,1,2,7.34327310430639
0.0145,-0.0066,0.0217,0.0154,0.0146,1,1,2,7.27078272838084
0.0164,-0.0052,0.0348,0.0044,-0.0378,1,1,2,7.28263167314171
0.0138,-1e-04,0.0211,0.0165,-0.0999,2,1,1,7.4333546803793
0.011,-0.001,-0.0716,-0.0018,0.0033,2,1,1,7.44171071655927
-0.1043,-0.0127,-0.0043,0.0056,0.0141,2,1,1,7.28312589215617
0.0129,0.0022,0.0029,-0.0059,-0.023,1,1,1,7.32801535699778
0.0139,-0.0047,0.0158,0.0037,0.0059,2,1,1,7.37026093316669
0.0149,-0.0068,0.0027,-9e-04,0.0319,2,1,1,7.34961134924885
0.008,-0.0016,-0.1416,0.0131,-0.0096,1,1,2,7.54786538103804
0.0075,0.0028,-0.1649,0.0141,-0.0279,1,1,1,7.32957194875638
-0.0934,-0.0143,0.0089,0.0064,0.001,1,1,1,7.18615834202423
0.0152,-0.004,0.0071,0.0077,0.0189,2,1,2,7.40339376607006
-0.0155,0.2284,0.0208,0.0443,0.0063,1,1,1,7.28200843394618
-0.0902,-0.0135,0.0115,-0.0075,-0.0031,1,1,2,7.23623824103543
0.0143,-0.004,0.0122,-0.0061,0.0133,1,1,2,7.34170765837522
0.0144,-8e-04,0.0139,-0.0102,0.0142,1,1,1,7.34401496142677
0.014,-0.0074,-0.0128,0.0014,0.0086,1,1,1,7.349222746557
0.0077,0.0025,-0.1715,0.012,-0.0221,1,1,1,7.34312507735409
0.0139,-0.0032,0.0137,0.0051,-0.0403,2,1,2,7.29192543856748
0.0149,-0.0068,-0.0161,-0.0064,-0.0157,1,1,2,7.3624146863465
0.0157,-0.0044,-5e-04,0.0096,0.014,1,2,1,7.2448681014003
0.0144,-0.007,-0.0063,0.0143,0.0196,2,1,1,7.3910169091806
0.0155,-0.001,0.0048,-0.0022,0.0326,1,1,2,7.45086878309464
0.0138,-0.0067,0.002,0.0044,-0.002,1,1,2,7.39717591668731
0.0148,-0.0033,0.0196,0.0332,-0.0988,2,1,1,7.51581787172771
0.0096,-0.0055,0.0176,-0.0038,0.0107,1,2,1,6.96810901417401
-0.024,0.2897,0.0133,0.1111,0.0262,1,1,2,7.30664171324019
-0.0232,0.2929,0.0178,0.0771,0.0313,1,1,1,7.18682512369797
0.0147,-0.0084,0.0078,0.0103,0.0417,1,1,1,7.33029483343453
0.0069,0.0018,-0.1552,0.0102,-0.0244,1,1,2,7.27319032851589
0.0161,-9e-04,0.0287,0.0091,-0.1136,1,1,1,7.28408726853555
-0.0858,-0.0184,0,-4e-04,0.0252,1,1,1,7.44588434958513
0.0134,0.0011,0.0218,0.0131,-0.1168,1,1,1,7.35408020908859
-0.0095,0.0757,-0.0332,-0.2255,-0.0537,2,1,1,7.45766399875761
0.0148,-0.0042,0.002,0.0025,-0.0214,1,1,1,7.46375630649778
0.0149,-0.004,0.0186,-0.0222,0.0133,2,1,1,7.47655533340802
0.0144,-0.0038,0.0032,0.0038,0.0204,1,1,1,7.41864819049593
0.0142,-0.0058,0.0063,0.0077,-0.0114,2,1,1,7.3084880265023
0.0154,-0.0042,0.0178,-0.0063,0.0127,1,1,2,7.35324533456474
0.0123,-0.003,-0.0684,-0.006,0.0098,1,1,1,7.44538502383826
0.0141,-0.0028,0.0234,0.0041,-0.0441,1,2,2,7.35498812771902
0.0138,-0.0108,0.0118,-0.0054,6e-04,1,1,1,7.34370554574566
0.0142,-0.0052,0.0188,-0.0047,0.0108,1,1,1,7.40315497154952
0.0141,-0.0058,0.0012,-0.0113,0.0221,2,1,1,7.44839233980271
0.0145,-0.0056,0.0266,-0.0034,0.0404,1,1,1,7.30166624851263
0.0077,-0.0046,0.0038,-0.0097,-0.0061,1,1,2,7.35172742866719
0.0155,-0.0049,0.0124,-0.0072,0.0421,2,1,1,7.2787287768851
0.0136,-0.0102,0.001,0.0111,0.0037,1,1,1,7.19740523100024
0.0152,-0.0046,0.0238,0.0122,0.0376,2,1,1,7.44078717926781
0.0146,-0.0031,-0.0079,0.0103,0.0279,1,1,1,7.65884975842792
0.0144,-0.0046,-0.0062,-0.0044,0.0247,1,2,1,7.40531754857155
0.0147,-0.0057,0.0162,-0.017,0.0325,1,1,2,7.47654427330822
0.0152,-0.008,0.023,-0.0103,0.0145,1,1,1,7.49001224990467
0.0146,-0.0061,0.0152,0.0012,0.005,1,1,1,7.0127115141002
0.0156,-0.0026,0.0066,0.0076,0.0109,1,1,1,7.22114183805455
0.0146,-9e-04,0.0417,0.0303,-0.1445,2,1,1,7.31702435902953
0.0148,-0.0057,0.0058,0.0025,0.0171,1,1,1,7.4386694068203
0.015,-0.0076,0.0207,-0.0069,0.0172,1,1,1,7.35770304713945
0.0141,-0.004,0.0165,-0.0025,0.0366,2,1,1,7.3118963921801
0.0153,-0.0062,0.0207,0.0012,0.0348,1,1,2,7.34464411110446
0.0147,-0.0062,0.0259,0.0049,0.0279,2,1,1,7.44493967598592
0.0135,-0.0052,-0.0049,0.0077,0.0057,2,1,1,7.2157312319481
0.0156,-0.0037,0.0066,0.0148,0.0482,1,2,1,7.30171739554377
0.0139,-7e-04,0.0039,0.011,-0.0752,1,1,2,7.36133333638902
0.0137,-0.0073,0.0189,0.0046,0.0311,1,1,1,7.40341098934151
0.0151,-0.0047,0.0267,-0.003,0.0327,1,1,1,7.29459938203918
0.0152,-0.0043,0.0151,0.0207,-0.0407,2,1,1,7.49194372057297
0.0154,-0.0076,0.0093,-0.0081,0.0263,1,2,1,7.06102736370229
0.0154,-0.003,0.0266,1e-04,0.0277,1,1,1,7.41461825061836
-0.0035,0.0761,-0.0109,-0.2112,-0.0423,1,1,1,7.27643271236216
0.0148,-0.0053,0.0282,0.0062,0.0332,1,1,1,7.29363356713733
0.0105,-0.0031,-0.0638,-0.0036,0.0273,2,1,1,7.37779495806387
0.0147,-0.007,0.0086,-3e-04,0.0423,1,1,2,7.34371587889967
-0.1079,-0.0163,0.006,0.0066,-0.0102,1,1,1,7.45477952806162
0.015,-0.0102,0.0156,-0.0035,0.0222,2,1,1,7.30794561013831
0.0139,-0.0082,-0.0105,0.0023,2e-04,2,1,1,7.31308195577347
0.0135,-0.003,-0.0154,-0.0039,0.0184,1,1,1,7.28919592552245
0.0133,-0.0055,-0.0101,-5e-04,-0.0044,1,1,2,7.22800433366086
0.0143,-0.0045,-0.0183,-0.0038,6e-04,1,1,1,7.38426387536046
0.0134,-0.0081,-0.019,0.0055,0.0143,1,1,2,7.3550893549206
0.0082,-5e-04,-0.1299,-5e-04,0.0087,2,1,1,7.29830796767691
0.0141,-0.0031,0.0222,-0.0032,0.0237,1,1,2,7.50108481222985
0.0148,-0.0051,0.0052,0.0091,2e-04,1,1,2,7.40836585853363
0.0151,-0.008,5e-04,-0.0105,0.0132,1,1,1,7.39455378056266
0.0146,-0.0031,-0.0015,-0.003,0.0056,1,1,1,7.39263910208506
0.0157,-0.0116,-0.0028,-0.0084,0.0187,1,1,1,7.33308935303673
-0.0096,0.1803,0.0579,-0.3695,-0.0608,2,1,2,7.40181001491207
0.0155,-0.0037,0.0101,0.0029,-4e-04,1,1,2,7.38523823631476
0.0143,-1e-04,0.0233,0.0274,-0.0712,2,1,1,7.30260546928324
0.0141,-0.0057,0.0012,-0.002,0.0202,1,1,2,7.27141060512855
0.016,-0.0034,0.0187,-0.006,-0.0091,1,1,2,7.43621565000459
0.0154,-0.0085,0.0164,-0.0036,0.0378,1,1,2,7.23789500261551
0.0158,-0.0043,0.0446,0.0277,-0.0995,1,1,1,7.31638727776746
-0.1001,-0.008,-0.0015,-0.0103,-0.0058,1,1,2,7.46128402778966
0.0154,-0.008,0.0191,-0.0067,0.0254,1,1,1,7.4202607043723
0.0137,-0.0019,0.0203,0.0049,-0.1042,1,1,1,7.26087511468991
0.0146,-0.0069,0.0144,-0.0107,0.019,1,1,1,7.57573917587221
0.0155,-0.0029,0.0298,0.0025,0.0018,2,1,1,7.49140393042112
0.0037,0.0519,-0.0058,-0.15,-0.0168,1,1,2,7.24742173035022
0.0145,-0.0069,0.0062,-0.0129,0.0076,2,1,1,7.29201929417227
0.0153,-0.0031,0.0266,0.0146,-0.059,2,1,2,7.35647612291462
-0.0898,-0.0139,0.0145,-0.0034,-0.0063,1,1,1,7.39970585116314
0.0093,0.0017,0.0234,-0.0121,-0.0155,2,1,1,7.50705977665471
0.0144,-0.0053,-0.0124,0.0107,0.0114,1,1,1,7.46219485033293
-0.0922,-0.0102,-0.001,-0.0247,0.01,2,1,1,7.40367122805053
0.0137,-0.0093,0.0247,0.0087,0.0176,1,1,1,7.00101779158706
0.0154,-0.0066,-0.0014,-0.0088,0.0137,1,1,1,7.40795822718882
0.0145,-0.0025,-0.0091,0,0.0197,2,1,1,7.38414256075635
0.0154,-5e-04,0.0211,0.0149,-0.0461,2,1,1,7.29602729616417
0.0152,-0.0032,0.0056,0.0064,0.043,1,1,2,7.35568913890478
-0.0865,-0.0088,0.0019,-0.0082,-0.014,1,2,2,7.11052584074778
0.014,-0.0048,4e-04,0.0067,0.008,1,1,1,7.27285578800017
0.0147,-0.0057,0.0161,0.0016,0.0073,1,1,2,7.191590195559
0.0151,-0.0056,0.017,-0.0031,0.0134,1,1,2,7.51250566647277
0.015,-0.0064,0.0256,-0.0022,0.0209,1,1,1,7.2545368872962
0.0156,-0.0054,0.0151,-0.0191,0.0384,2,1,2,7.25151995946394
0.0151,-0.0065,0.0148,-0.0035,0.0435,2,1,1,7.12221594382671
0.0156,-0.0034,0.0257,0.006,-0.002,1,1,2,7.22070300393316
0.0143,-0.0065,0.0112,-0.0044,0.031,2,1,1,7.53257703346865
0.0153,-0.0089,0.0146,-0.0186,0.0172,1,1,2,7.41159110555156
0.0145,-0.006,0.011,-0.0075,0.0148,1,1,1,7.35144405326052
-0.0828,-0.0141,0.0114,0.015,0.0066,1,1,2,7.3463927633926
-0.0831,-0.0129,0.0107,0.0032,-0.0042,1,1,2,7.37947562994659
0.0146,-0.0056,0.0031,-0.0116,0.0099,1,1,2,7.37871380340579
0.0137,-0.0018,-0.0122,-0.0101,-0.0086,1,1,1,7.46167638002159
0.0147,-0.0058,-0.0024,0.0083,0.0307,1,1,2,7.45921709086882
-0.0809,-0.0114,0.0035,0.0053,0.0026,1,1,1,7.5501230208124
-0.0979,-0.0161,-1e-04,0.0076,-0.0113,2,1,1,7.3455722254133
0.0024,0.0212,-0.0087,-0.0665,-0.0143,1,1,2,7.28892293263499
0.0128,-0.0041,-0.0122,-0.0109,0.0342,1,1,2,7.49879892243306
0.0156,-0.0087,0.0247,8e-04,0.0311,1,1,2,7.43910108205606
0.0156,-0.0051,0.0147,-0.0068,0.0299,1,1,1,7.47868972540032
-0.0916,-0.0197,0.0105,0.0103,0.0044,2,1,1,7.41123378678245
0.0137,-0.0061,0.0049,-0.002,0.0141,1,1,1,7.37000653683055
-0.1106,-0.0155,-0.0038,-0.0045,-0.0102,1,1,1,7.26316391023877
0.015,-0.0058,0.0062,0.0049,0.03,2,1,2,7.32054187491881
0.0146,-0.0076,0.0263,-0.0031,-0.0171,1,1,2,7.38026221403504
-0.095,-0.0124,0.0064,-0.0145,-0.0121,1,1,1,7.39261872045869
0.0149,7e-04,0.0172,0.0304,-0.1276,2,1,2,7.41640793945414
0.0137,-0.005,0.0163,0.0018,-0.0684,1,1,1,7.36704210913007
0.0146,-0.0077,-0.0063,0.009,0.0336,1,1,1,7.39057300881666
0.0126,-9e-04,-0.0182,0.0186,0.0198,1,1,1,7.3199789985715
0.0151,-0.0045,0.0224,-0.0025,0.0149,1,1,1,7.32677194398556
-0.0724,-0.0125,0.0237,0.0141,0.0015,1,2,2,7.32674343526428
0.0141,-0.0072,0.0081,-0.0014,0.0201,1,1,1,7.21909945915049
0.0146,-0.0039,0.0363,1e-04,0.0194,1,2,2,7.26254709854218
0.0155,-0.0054,0.0138,-0.0085,0.0208,1,1,2,7.27672675786222
0.0168,-0.0061,0.0015,-1e-04,-0.004,1,1,1,7.41574702219503
0.0141,-0.0031,0.0019,0.0278,-0.125,1,1,2,7.29826697279168
0.0135,-0.0067,-0.0025,-0.0166,0.0486,1,1,1,7.65338514529541
0.0114,-0.0048,-0.0847,0.0115,0.0153,2,1,2,7.40383883009517
-0.0232,0.2773,0.0145,0.1244,0.0429,1,1,1,7.43285597491218
0.0145,-0.0033,0.0044,0.0249,-0.031,1,1,2,7.45268625708139
-2e-04,0.079,-0.0096,-0.2303,-0.0367,1,1,1,7.27855490006531
0.0133,-0.002,-0.0167,0.0087,-0.0709,1,1,1,7.47563010996722
0.0144,-0.0054,0.0024,0.0015,0.001,2,1,2,7.20480774026186
-0.091,-0.0088,0.0041,0.0134,0.015,1,1,2,7.29802343673197
0.0154,-0.006,0.0068,0.0029,8e-04,1,1,1,7.36094689594217
-0.0758,-0.0142,-5e-04,0.0158,-0.0023,1,1,1,7.44311619459376
0.0132,-0.0022,-0.0169,0.0217,-0.0099,1,1,1,7.27337187398807
-0.0965,-0.0156,0.0019,0.0015,0.0011,1,1,1,7.34778979218414
0.0148,-0.0045,0.0194,-0.0017,-0.0346,1,1,2,7.30136015109177
0.0065,0.0228,-0.1056,0.019,-0.0377,1,1,1,7.25378377654755
-0.0931,-0.0171,-0.0038,0.0077,0.0151,2,1,1,7.46380977854972
0.0141,-0.0041,0.0145,-0.031,0.0224,1,1,1,7.37221539567169
0.0156,-0.0033,0.0272,0.009,-0.0066,1,1,1,7.21437360218308
0.0147,-4e-04,0.0398,0.0347,-0.1297,1,1,1,7.19332037648816
0.0142,-0.0062,0.0098,0.0083,0.0031,2,1,1,7.37665072610989
0.0146,-0.006,0.0203,-0.012,-0.0012,1,1,1,7.11056307948779
0.0154,-0.003,0.0197,0.0092,-0.0664,1,1,1,7.47049472476264
0.0136,-8e-04,0.0099,-0.0028,0.0053,1,1,1,7.25267901144255
0.0161,-0.0087,0.0055,-0.0153,0.0169,2,1,1,7.33235236007529
0.013,-0.005,-0.0091,0.0033,0.024,2,1,2,7.39772892500835
0.0143,-0.0033,-0.0231,0.002,-0.0124,1,1,1,7.36046988522312
0.0139,-0.0084,0.0188,-9e-04,0.0307,1,1,1,7.50633749230506
0.0148,-0.0063,0.0092,0.0153,-0.0223,1,1,1,7.45542955995154
-0.0793,-0.0044,0.0023,-0.0175,-0.0222,1,1,1,7.38144803253783
0.0089,-9e-04,-0.1411,0.0141,0.0169,1,1,1,7.10865971936993
0.0139,-0.0049,-0.0025,0.0103,0.0292,2,1,2,7.39940840937726
0.0143,-0.0065,0.0087,0.0145,-0.0073,2,1,1,7.26209009560828
0.0146,-0.0057,0.0328,0.0095,-0.0445,1,1,1,7.44205578796783
0.0149,-0.0061,0.0136,-0.0064,0.0093,2,1,1,7.50856988766985
-0.077,-0.0144,-0.0027,0.0176,-0.012,2,1,1,7.40964852496912
0.0139,-0.0052,-0.0075,0.0067,-0.0485,2,1,2,7.31746825720896
-0.0958,-0.0151,-1e-04,0.0068,0.0045,1,1,1,7.36121553855171
0.0132,-0.006,0.0101,-0.0048,0.0242,1,2,1,7.45090455214038
0.0129,-0.0061,-0.0608,0.0016,0.0318,1,1,1,7.41229067734943
0.0162,-0.0089,0.0198,-0.0053,0.0348,2,1,1,7.3720051295356
0.0149,-0.0065,0.04,-0.0197,0.03,2,1,1,7.35340696777084
-0.0868,-0.0107,-0.0039,0.0016,-3e-04,1,1,1,7.34221987717662
0.0157,-0.01,0.0399,-0.0155,0.0468,2,1,1,7.53281064259184
0.0072,0.0072,-0.167,0.0091,-0.0494,2,1,2,7.26098714111963
0.0146,-0.0035,0.015,0.0292,-0.1058,1,1,1,7.38417914159244
0.0145,-0.0068,0.0083,0.0062,0.0257,1,1,1,7.38562646871578
0.0111,-0.0048,-0.0795,-0.0113,0.01,1,1,2,7.40379696135604
0.0139,-0.0034,-0.0049,0.0047,-0.0039,1,1,2,7.4532124449197
0.0154,-0.004,0.0109,-0.0041,0.032,1,1,1,7.3943307444976
0.0149,-0.004,0.0215,-0.0127,0.0282,2,1,1,7.33019395254243
0.0146,-0.0057,0.0031,-0.0048,0.0463,1,1,1,7.31288409694438
0.014,-0.0021,-0.0058,0.0013,0.0184,1,1,1,7.30671898294118
0.0137,-0.006,0.0141,-0.018,0.0031,2,1,1,7.46343564959359
-0.1059,-0.0175,-6e-04,0.0074,-0.0054,1,1,1,7.33848942303409
0.0149,-0.0051,0.0142,0.0106,0.0325,1,1,1,7.34881819554518
0.0151,-0.0029,0.0098,0.0169,0.0112,1,1,1,7.42772946328374
0.0138,-0.0087,9e-04,0.0019,3e-04,1,1,1,7.42229848910016
0.0146,-0.0076,0.0276,0.0015,0.0124,1,1,1,7.42504332407978
0.0131,-0.004,-0.0244,-0.011,0.0199,2,1,2,7.38605543773842
-0.0942,-0.011,0.0048,0.0029,0.0049,1,1,2,7.2366251191415
0.0144,-0.0095,0.0027,-0.0021,0.0255,2,1,1,7.4153753853301
0.0151,-0.0026,0.0191,-0.0164,0.0143,2,1,2,7.31605413313045
0.0136,-0.0021,0.019,-0.0192,0.0113,2,1,1,7.36546845991991
-0.0911,-0.016,-0.0019,0.0095,0.0072,1,1,1,7.3704550934423
-0.0213,0.0021,-0.0461,-0.0606,-0.0095,1,1,1,7.26051190181053
0.0152,-0.0047,0.0064,0.0011,0.0112,2,1,1,7.41572302778477
0.0071,-0.0023,-0.1368,0.0208,9e-04,1,1,2,7.36740950555861
-0.0089,0.1051,-0.0681,0.0266,-0.0549,1,1,1,7.19476072369325
0.0159,-0.0065,0.0248,0.0099,0.0119,1,2,2,7.28762031813421
0.0147,-0.0084,0.0209,0.0064,0.0121,1,1,1,7.22240931375445
0.0152,-0.0098,-0.0012,0.0117,0.0314,1,1,1,7.36752120106345
0.0146,2e-04,0.0235,0.0347,-0.095,2,1,2,7.35128093337712
0.0139,-0.0084,0.0182,-0.013,0.0063,1,1,2,7.44678130365686
0.0161,-0.0077,0.0368,-4e-04,0.0392,1,2,1,7.2832340888254
0.0152,-0.0057,0.0234,0.0249,0.0072,1,1,1,7.39102843507989
0.0152,-0.0052,0.0251,0.0163,-0.0383,1,1,2,7.49548616871601
0.0137,-0.0048,0.0171,-0.0016,-0.0138,1,1,1,7.36994667573474
0.0158,-0.006,0.0176,-1e-04,0.0211,2,1,2,7.31679924521344
-0.1004,-0.0144,0.004,0.0029,-0.0084,1,1,1,6.49631788567757
0.0159,-5e-04,0.0375,0.0184,-0.0447,1,1,1,7.39091907675105
0.0142,-0.004,0.0115,0.002,0.0334,1,1,1,7.53354832258744
0.0147,-0.0051,0.0235,0.0038,0.0464,2,1,1,7.4103366100272
0.0145,-0.004,0.031,0.0451,-0.1611,1,1,1,7.52909912988377
0.0151,-0.0023,0.0287,-0.0043,0.0214,1,1,1,7.4487756160296
0.0151,-0.0042,0.0219,0.0053,0.0097,2,1,2,7.38162923011271
0.0135,-0.0095,0.0152,0.013,0.0047,1,1,1,7.33123326831597
0.0138,-0.0026,-0.0079,0.0027,-0.0151,1,1,1,7.41453014152554
0.0141,0.0018,0.0257,-0.0115,-0.0187,1,1,2,7.30073198914364
0.0146,-0.0085,0.0226,0.0014,0.0179,1,1,1,7.3827899392133
0.0147,-0.004,-4e-04,-0.0186,0.0092,1,1,1,7.3938560965548
0.0123,-0.0014,-0.048,-0.0014,-0.004,1,1,2,7.44649504032973
0.0149,-0.0027,-0.0045,0.0183,-0.0247,2,1,2,7.42244431204838
0.0157,-0.0057,0.0393,-6e-04,-0.0021,1,1,1,7.23759138728449
0.0142,-0.0078,-0.0021,-7e-04,0.0151,1,1,1,7.23235064016563
0.0145,-0.0057,0.0099,0.0022,0.0208,1,1,1,7.38387777786789
0.0146,-0.0078,0.0088,0.0081,-0.0195,2,1,1,7.46017274743073
0.013,-0.0039,0.0115,0.0027,0.015,1,1,2,7.34619685469622
0.0146,-0.0031,-0.0027,0.0122,0.0046,2,1,1,7.4958181619831
0.0139,-0.0029,-0.0092,0.0108,-0.0455,1,1,1,7.24746206846194
0.0128,-0.0055,0.011,0.0086,0.0221,1,1,2,7.52116415367163
0.0127,-0.0046,-0.0078,0.0234,-0.0096,1,1,1,7.26223528906714
0.013,-0.0042,-0.0206,-0.0156,-0.0024,1,1,2,7.29457271445754
0.0145,-0.0067,0.0178,0.0152,0.0205,1,1,1,7.39590444999571
0.0165,-0.0076,0.017,0.0012,0.0207,1,1,1,7.42021357351113
0.0158,-0.0058,0.0171,0.0032,0.0164,1,1,1,7.34191589918426
0.0153,-0.0057,0.0394,0.0016,-0.0081,1,1,1,7.28385286198029
0.0143,-0.0055,0.0082,-0.0035,0.017,1,1,1,7.36080008022788
-0.1155,-0.019,0.0016,0.0181,0.0057,1,1,2,7.25971918032721
0.0145,-0.0048,0.0151,0.0064,-0.0981,2,1,1,7.13556253326059
0.0138,-0.0056,0.0067,0.0275,-0.0057,1,1,1,7.30424429314853
-0.0876,-0.012,0.0063,0.0088,-0.0041,1,1,1,7.33679643169112
0.0136,-0.0056,0.0044,0.0035,-4e-04,1,1,1,7.3021872586675
0.0145,-0.0059,0.0096,0.0145,0.0263,1,1,1,7.33966179956955
0.0039,0.0511,0.0192,-0.1479,-0.0055,1,1,2,7.42272824710878
0.0137,-0.0034,0.0049,0.0132,0.0152,1,1,1,7.46127084518006
0.0143,-0.005,-0.0347,0.0103,-0.0424,1,2,2,6.89653856274099
0.0152,-0.0066,0.0022,0.0117,0.0124,1,1,1,7.29391686007398
0.0153,-0.0043,0.008,-0.0082,0.0347,2,1,1,7.34136331027317
0.015,-0.0049,0.025,-0.003,0.0132,1,1,1,7.42398737608791
-0.0874,-0.0123,0.0051,0.0189,0.0058,1,1,2,7.32985418781795
0.0132,-0.0018,-0.0205,0.0218,-0.014,2,1,1,7.45975608729848
-0.0973,-0.0123,0.0098,0.0038,-0.0184,1,1,1,7.32725295360256
0.0129,-0.0039,-0.019,0.0107,0.0245,1,1,1,7.2780140080661
0.0149,-0.0055,0.0287,2e-04,0.0226,2,1,1,7.53945787160082
0.0148,-0.0016,0.0167,0.0118,0.0048,1,1,1,7.25007897167671
0.014,-0.0064,0.01,0.0076,0.0189,1,1,1,6.99349940803334
-0.0997,-0.0168,0.0066,0.0066,0.011,1,1,1,7.33353080013601
0.0138,-0.0046,-0.0065,-0.0017,0.0104,1,1,1,7.40597081347653
0.0142,-0.0084,-0.0076,0.0255,-0.0269,2,1,1,7.3303969694806
0.014,-0.0068,0.0161,-0.0015,-0.0103,1,1,1,7.37720351296984
-0.0257,-0.005,2e-04,0.0049,0.0085,2,1,2,7.41185757695168
0.0152,-0.0029,0.0217,0.0161,0.004,1,1,1,7.25100115313226
0.0151,-0.0055,0.0012,-0.0052,-0.0012,1,1,2,7.35015830011372
0.0153,-0.0059,0.0317,-0.0024,0.0236,1,1,2,7.39728068371848
0.0141,0.0011,-0.0053,0.026,-0.0743,1,1,1,7.45746406188233
0.0157,-0.0068,0.0228,0.0197,-0.0025,2,1,2,7.29193889843651
0.0138,-0.0053,0.0135,-0.0133,0.0399,1,1,1,7.39406642388334
0.0154,-0.0063,0.0152,-0.0111,0.0189,1,1,1,7.41333095167709
0.0135,-0.0064,-0.0041,0.002,-0.0016,1,1,1,7.34022425462982
0.0156,-0.0056,0.0039,0.0056,0.0064,2,1,1,7.30482727699998
0.0108,-0.0022,-0.0697,0.0137,-0.0087,2,1,1,7.33189543426284
-0.0038,0.0829,-0.0205,-0.2164,-0.0256,1,1,2,7.27773730655494
-0.092,-0.0148,0.0119,0.0081,0.0207,2,1,2,7.41678230379945
0.0144,-0.0068,0.0141,0.0044,0.0076,1,1,1,7.3034214863273
0.0141,-0.0026,-0.0068,0.0031,-0.0111,1,1,2,7.51523649930736
0.0154,-0.0031,0.0207,6e-04,-0.0013,1,1,1,7.36477399473937
0.0128,-0.0045,-0.0198,0.0099,0.008,2,1,1,7.11185163840803
0.0146,-0.0056,0.0033,-1e-04,0.0075,1,1,2,7.3989837354987
0.0138,-0.0021,7e-04,0.0085,-0.0388,1,1,1,7.37504620284455
0.0146,-0.0057,-0.0052,-0.003,0.0132,2,1,1,7.41439784400608
0.0152,-0.0036,0.0098,0.0044,-0.0226,1,2,2,7.23848750351178
0.0161,-0.0042,0.0139,0.0021,-0.0166,2,1,1,7.38225618107844
0.0149,-0.0065,0.0167,-0.0067,0.0151,2,1,1,7.34702613711804
0.014,-0.006,0.0331,0.017,-0.0895,1,2,1,7.26994093361036
0.0137,-0.0046,-4e-04,0.0224,-0.0091,2,1,1,7.4699466479705
-0.0723,-0.0141,0.0209,0.0132,0.0046,2,1,1,7.38881813718
0.014,-0.0072,-0.0016,-7e-04,0.0127,1,1,1,7.39654795084939
-0.0872,-0.0141,0.0079,0.0063,-0.0079,1,1,2,7.32116823071932
0.015,-0.0046,-0.0037,-0.0132,0.0056,1,1,1,7.33374825414878
0.0143,-0.0097,0.0057,5e-04,0.0089,1,1,2,7.67282725714117
0.0108,-4e-04,-0.0734,0.0084,-0.0064,2,1,2,7.45307863204596
0.0137,-0.0094,-0.0038,0.0188,0.0127,2,1,1,7.34490651963691
0.0155,-0.0048,0.0141,-0.0091,0.0074,1,1,1,7.11446382620337
0.0148,-0.0074,0.006,0.0055,0.0096,1,1,1,7.43101422558182
0.0158,-0.006,0.0265,0.0052,0.0304,2,1,2,7.41376710851784
0.0138,-0.0037,-0.0031,-0.0022,0.0293,2,1,1,7.58393976450096
0.0139,-0.0022,0.0103,0.0012,0.0361,1,1,1,7.34139552535909
0.014,-0.0038,0.0323,0.0169,-0.021,1,1,2,7.38742230821537
-0.0734,-0.0101,0.0115,-0.0082,0.0249,1,1,2,7.4031368798654
-0.1097,-0.0199,0.0089,0.0084,-0.0089,2,1,1,7.38448721286458
0.0095,-0.0045,-0.0853,-5e-04,-0.0089,1,1,1,7.29635633656975
-0.0949,-0.0132,-0.0041,0.0011,-0.0037,2,1,2,7.25725194098953
-0.0172,0.088,0.0201,0.0295,0.0314,1,1,1,7.407628791888
0.0152,-0.0022,0.0042,-0.0034,-0.0198,1,1,1,7.40133702918675
-0.1065,-0.0186,0.004,0.0105,0.0098,2,1,1,7.47694860282563
0.0121,-0.0053,-0.0489,0.0175,0.0238,2,1,2,7.38698708070553
0.0152,-0.0024,0.0211,0.0075,-0.0535,1,1,1,7.41251161813012
0.013,-0.005,0.0049,-0.0038,0.011,1,2,2,7.31673937247014
0.0144,-0.0038,0.0111,0.0149,-0.0348,1,2,1,7.36279807178373
0.0146,-0.0049,-0.0015,0.0057,-0.0035,1,1,1,7.25520892456279
0.0141,-0.0033,0.0179,4e-04,0.0328,1,1,1,7.29009549740786
-0.0945,-0.0152,0.0069,-0.0019,0.0038,1,1,1,7.34896061979343
0.0147,-0.0026,0.0054,0.0112,0.0151,1,1,2,7.33932157082162
0.0146,-0.005,-0.0124,-9e-04,0.0167,1,1,1,7.27881119829616
0.015,-0.0078,0.0276,0.017,0.0219,1,1,1,7.27795396912698
0.0159,-0.0048,0.0193,-0.0068,0.0264,1,1,1,7.19589395398565
0.0143,-0.0061,0.0148,-0.0076,0.0393,2,1,2,7.4221760289751
0.0148,-0.0052,0.0201,-0.009,0.0281,1,1,2,7.33814384844337
-0.0745,-0.0042,0.0091,-0.0078,0.0064,2,1,1,7.2887447809052
0.0046,0.0575,0.0358,-0.1361,0.0018,1,1,2,7.28869659569389
0.0151,-0.0059,0.0014,-0.0054,0.0125,2,1,2,7.3707162001324
0.0149,-0.0042,0.0281,0.0083,-0.0062,1,2,1,7.54050200686462
0.0146,-0.0037,0.0209,0.0036,0.021,2,1,2,7.4077454873338
0.0147,-0.0051,0.0294,-6e-04,0.0089,1,2,1,7.24286993177826
0.0106,-0.0039,-0.0781,0.0083,-0.0011,1,1,1,7.2665242410986
0.0148,-0.0046,0.0128,-0.0106,-0.0092,1,1,1,7.42965000694814
-0.1036,-0.017,0.0079,0.008,0.0015,1,1,2,7.35310155444187
0.0149,-0.0061,0.0082,0.0063,0.037,1,1,1,7.29106496004984
-0.1038,-0.0152,0.0096,0.0099,-0.0055,2,1,1,7.45282758536649
0.0137,-0.0085,-0.0013,0.0063,0.0158,1,1,2,7.46876142623177
0.0091,-0.0024,-0.1295,0.0143,-0.0224,1,1,1,7.2337765293043
0.0148,-0.0035,0.0108,0.0117,-0.0406,1,1,2,7.31048864665204
0.0144,-0.0077,0.013,-0.0068,0.0107,1,1,2,7.37230686330799
0.0148,-0.0062,-7e-04,0.0154,0.0169,1,1,1,7.40465777462244
0.0143,-0.0021,-0.0018,-0.0032,-0.0453,1,1,2,7.41870710070046
0.0143,-0.0048,0.0219,-4e-04,-0.0031,2,1,1,7.34424682946159
0.0134,-0.0028,-0.0232,-0.0077,0.0071,1,1,2,7.24779332812223
-0.0499,-0.009,0.0069,-0.0063,-0.0105,2,1,2,7.48502403709379
0.015,-0.0048,0.01,0.002,0.02,1,1,1,7.4051454247497
0.0148,-0.0076,0.0189,-0.0024,0.0163,1,1,1,7.36097528846027
-0.1049,-0.019,3e-04,0.0065,-0.0034,1,1,1,7.23943154964739
0.0151,-0.005,0.0109,0.0038,0.0207,1,1,1,7.39771293490729
0.016,-0.0024,0.0217,0.0086,0.0185,1,1,1,7.30502746280218
-0.0822,-0.008,0.0031,-0.0011,0.0114,1,1,2,7.32670532520647
0.0141,-0.0062,-0.0143,0.0085,0.0079,1,1,1,7.34515186019384
-0.0915,-0.0118,0.0059,0.0045,0.0033,1,1,1,7.11316463271459
0.0138,-0.005,0.0115,0.0036,0.0291,1,1,1,7.3294498288584
0.01,-0.0026,-0.0634,-0.0029,0.0166,1,2,1,7.14541197655012
0.0147,-0.0048,-6e-04,0.0135,0.0029,1,1,2,7.25759009935179
0.0139,-0.011,0.006,-0.0106,0.0113,1,1,2,7.36291129841775
0.0154,-0.0034,0.0104,8e-04,0.023,2,1,2,7.34512992784116
0.0144,-0.0058,0.0116,-0.0249,0.0404,2,1,1,7.33452940428973
0.0144,-0.0061,0.0149,-0.0036,0.0332,2,1,1,7.36176601448909
0.0089,-0.0035,-0.1092,0.0057,0.0045,1,1,2,7.5123204287488
-0.0217,-0.0089,0.0094,0.0102,0.0211,1,1,2,7.22330325630253
0.0156,-0.0059,0.0136,0.0112,-0.0436,1,2,1,7.07715873940404
0.0149,0.0014,0.012,0.0342,-0.1202,1,1,2,7.2541615836866
0.0146,-0.0012,0.0252,0.0204,-0.1341,1,1,1,7.25585361233871
0.0145,-9e-04,0.029,0.0245,-0.1005,1,1,2,7.32419620531765
0.0157,-0.0079,0.0254,0.0198,-0.0816,1,2,2,7.27678737998906
0.0149,-0.01,0.0382,6e-04,0.0063,1,1,1,7.37427733012264
0.0145,-0.0093,0.0327,0.0056,0.051,1,1,1,7.38792476469959
0.0137,-0.0056,-0.03,0.0148,0.0177,1,1,1,7.44350737561418
-0.0952,-0.0157,-7e-04,-0.0046,-0.0131,1,1,1,7.30382310603549
0.0151,-0.0052,0.0119,-0.0201,0.002,1,1,1,7.32549823787107
0.0152,-0.0077,0.0126,-0.0022,0.0221,1,2,2,7.20757012044027
0.0141,-0.008,0.0188,0.003,0.0208,1,2,1,7.3217977625381
0.0144,-6e-04,0.0305,-0.013,-0.0042,1,1,1,7.4042509779693
0.0136,-0.0046,-0.012,0.0021,0.0307,1,2,2,7.32849992508096
0.0138,-0.0048,0.0074,-0.0103,0.0293,2,1,2,7.44884641523444
0.0151,-0.0044,-0.0018,0.0042,0.0037,1,1,2,7.32049335440303
0.0093,-4e-04,0.0125,-3e-04,-0.0244,1,1,1,7.3858626818466
0.0133,-0.0035,-0.0278,0.0232,-0.036,2,1,2,7.39276116079844
0.0148,-0.0039,0.023,0.0066,-0.0339,1,1,2,7.53328096962161
0.0137,-0.0049,0.0029,0.0087,-0.0084,2,1,2,7.44832867503342
-0.0998,-0.0125,0.0128,0.021,-0.0015,1,1,2,7.28864786891037
0.0113,-2e-04,-0.0602,0.0132,-0.0105,2,1,1,7.0580378331942
0.0139,-6e-04,0.006,0.0275,-0.02,1,1,1,7.27061097378555
0.0153,-0.0023,-6e-04,-0.0073,0.0298,1,1,1,7.37190122177687
0.0151,-0.0049,-0.0044,-0.01,0.0318,1,2,2,7.3812106510955
0.0084,0.0077,-0.1155,0.0045,-0.0093,1,2,1,7.45927881741564
0.0107,-0.0026,4e-04,-0.0015,0.0112,1,1,1,7.37478779721479
0.0135,-0.0046,0.0265,9e-04,-0.052,2,1,1,7.44010762041442
0.0144,-0.0039,-0.0079,-0.0074,0.0076,1,1,1,7.38006744834038
0.0142,-0.0078,0.002,0.0111,0.0159,1,1,1,7.26540026019368
0.0156,-0.0079,0.0238,-0.0112,0.0483,1,1,1,7.23786870907089
0.0126,-0.0076,-0.0469,0.0109,0.0039,1,1,2,7.27757453811496
0.014,-0.0058,0.0108,6e-04,0.0185,1,1,1,7.23111757752631
0.0147,-0.0066,0.0077,-0.0013,0.0029,1,1,1,7.49496017258548
0.0144,-0.0078,-0.0068,-0.0033,0.0281,2,1,1,7.45865984265189
0.0155,-0.0089,-0.0078,0.0099,0.003,2,1,1,7.5535602186244
0.0149,-0.0072,0.0145,0.0039,-0.0098,1,1,2,7.1374420059581
0.0104,-0.0035,-0.0038,0.0112,0.0035,1,1,1,7.36503076166943
0.0137,-0.0022,-0.0015,-0.0128,-0.0098,1,1,1,7.4461740003815
0.0144,-0.0044,0.0025,0.0092,0.0191,1,1,1,7.40874238740875
0.0154,-0.0093,0.0107,-0.0038,-0.0083,1,1,1,7.34687307289023
0.0145,-0.0062,0.0136,0.0041,0.0299,2,1,1,7.42810354963024
0.0143,-0.0077,0.0063,-0.0032,0.0217,1,1,1,7.38823246518627
0.0158,-0.0053,0.0236,0.0095,-0.0426,2,1,1,7.33013151199546
0.0159,-0.0076,0.008,0.0071,-3e-04,1,1,1,7.34747663570769
0.0099,-0.005,0.0304,0.0076,0.0347,1,1,1,7.27326850676752
0.014,-0.0043,0.0111,9e-04,-0.0173,1,1,1,7.29651625436105
0.015,-9e-04,0.0049,-0.0044,-0.004,2,1,1,7.44249463202921
0.0109,-0.0031,-0.0767,0.012,0.002,1,1,1,7.34731397052331
0.0149,-0.0035,0.0202,-0.0076,-0.0373,1,1,2,7.3920010501021
0.0159,-0.0077,0.0233,0.0084,0.0334,1,1,1,7.38703610610569
-0.0072,-0.0038,-0.0603,0.0071,-0.0013,1,1,2,7.35432305441388
0.0132,-0.0032,0.006,1e-04,0.0263,1,1,1,7.29178811076122
0.0132,-0.008,-0.0052,-0.0027,0.0079,1,1,1,7.20737379331794
-0.0588,-0.0107,-0.0059,0.0014,0.0065,1,1,1,7.41585802285946
0.0153,-0.0073,0.0092,1e-04,0.003,2,1,1,7.50757711895503
0.0148,-0.0058,0.0015,0.0055,0.0037,1,1,1,7.35925537832214
-0.0634,-0.0166,0.0067,0.0042,0.0036,1,1,1,7.2687904808234
0.0156,-0.0072,0.0141,-0.0021,0.025,1,1,2,7.54359731191217
0.014,-0.0044,0.0082,-0.0119,0.0331,1,1,1,7.47367080924294
0.0149,-0.0042,0.0152,0.0051,0.0197,2,1,1,7.46834375559253
0.0135,-0.0053,-0.0058,0.0014,0.0087,1,1,2,7.36743604376246
0.0147,-0.0021,-0.0074,0.0026,0.014,1,1,1,7.33831815475797
0.0159,-0.0064,-0.0029,0.0065,0.009,2,1,1,7.37665497707344
0.0152,-0.007,-0.0013,0.0114,0.0107,1,1,1,7.35910770461905
0.0139,-0.0043,0.015,-0.0041,8e-04,2,1,2,7.45719857891684
0.0149,-0.0105,0.0089,-0.0018,0.0061,2,1,1,7.29360721569667
-0.0662,7e-04,-0.0164,-0.0302,0.0094,1,1,2,7.4074808476573
0.0136,-0.0121,0.0142,0.0044,0.0138,1,1,1,7.17872429274656
0.0108,-0.0038,-0.0945,0.0126,-0.0329,1,1,1,7.37062047492256
0.0058,-0.007,0.0101,0.0151,0.0308,1,1,1,7.3338573128151
0.0143,-0.0068,0.0095,0.0073,-0.0132,2,1,2,7.35802693433408
0.0145,-0.0067,0.0098,0.0031,0.0207,1,1,1,7.28892429467709
0.015,-0.004,0.0255,0.0073,0.034,1,1,1,7.42380288847726
0.0082,-6e-04,-0.1324,0.006,0.0199,2,1,1,7.43695134419237
0.0052,0.0167,-0.0151,-0.0586,-0.0057,1,1,1,7.5457146917926
0.0147,-0.0039,0.0111,0.0045,0.0062,1,1,1,7.37012321538561
0.0148,-0.0022,0.0229,0.0018,0.0425,2,1,1,7.33384805114172
0.015,-0.0072,0.0097,0.015,0.0057,2,1,2,7.30562235344278
0.0143,-0.0026,6e-04,-0.0015,0.0136,2,1,1,7.48251375589535
-0.0987,-0.0195,0.0031,0.0148,0.0022,2,1,1,7.4072576550625
-0.0923,-0.0136,0.011,8e-04,0.0087,1,1,1,7.43672420997401
0.0148,-0.0071,0.0156,-0.0044,0.0142,1,1,1,7.38859907530795
0.0136,-0.0062,0.004,0.0019,0.0193,1,1,2,7.52466945333718
0.014,-0.0047,0.0107,0.0209,0.0115,1,1,1,7.33261723124427
0.0125,-0.0054,-0.0286,0.0103,0.0023,1,1,1,7.3078607776481
-0.0867,-0.0132,-0.0062,0.0046,0.0054,1,1,1,7.2577925802014
0.0144,-0.0084,0.0159,-0.0028,-0.0059,2,1,2,7.4313736241403
-0.0166,0.1021,0.0039,-0.2764,-0.0411,2,1,2,7.49015954354585
0.0136,-0.007,0.0034,0.0072,0.0169,1,1,2,7.42155755029735
-0.1026,-0.0168,0.0023,0.0044,0.0078,2,1,1,7.26606003881292
-0.0232,0.2854,0.0183,0.1265,0.0463,2,1,1,7.5024582842753
0.0141,-0.0045,-7e-04,-0.0065,0.004,2,1,1,7.52938579326177
0.0141,-0.0044,0.0167,-0.0056,0.0105,1,1,1,7.31588110660646
0.0103,-0.0013,-0.0805,-0.0125,-0.0109,1,1,2,7.40851585823201
0.0154,-0.0019,0.0503,0.0017,2e-04,1,1,1,7.31132354810943
0.0163,-0.0101,0.0252,0.0053,0.032,2,1,1,7.39608315341926
0.0154,-0.0037,0.0173,-0.0104,0.0353,2,1,2,7.43788048302646
0.0136,-0.0085,0.0136,-0.0207,0.0058,1,2,1,7.08882215722591
0.0152,-0.006,0.0114,0.0109,0.027,1,1,2,7.42600925548549
0.0139,-0.0021,0.0035,-0.0042,7e-04,1,1,1,7.39014253839015
0.0151,-0.0019,0.0296,0.0357,-0.1706,1,1,1,7.31801649962383
0.0143,-0.0051,0.0167,-0.0113,0.009,2,1,1,7.4047997411518
-0.0799,-0.0086,0.007,-0.0101,-0.0026,1,2,2,7.40090091825226
-0.0241,0.2927,0.0149,0.1142,0.0312,1,1,1,7.16792005386489
0.015,-0.0086,0.0144,0.0058,-2e-04,2,1,2,7.46068626426736
0.0146,-0.0029,0.0083,-0.0054,0.0273,1,1,2,7.34219183144323
0.0135,-0.008,0.0065,0.013,0.0247,1,1,1,6.9908796541894
0.0152,-0.0082,-0.0046,0.0015,0.0173,1,1,1,7.35313718615222
0.0144,-0.0058,0.0082,0.0065,0.0247,1,1,1,7.33520690024099
0.0139,-0.0075,-0.0019,-0.0015,0.0165,1,1,1,7.32872834661277
0.014,-0.0054,-0.0016,-0.0091,0.0335,1,2,1,7.44049799148345
0.0145,-0.0098,0.0155,0.0054,0.0258,2,1,1,7.29488017380345
0.0146,-0.0051,0.0166,-0.0021,0.0333,1,2,2,7.42722868574817
0.0139,-0.0056,-0.0096,-0.0022,0.0177,1,1,1,7.30011151286847
0.0132,-0.0018,-0.0282,-0.0019,-0.0187,1,1,1,7.36496363228026
0.0151,-0.0031,0.0061,-0.0031,0.024,2,1,1,7.39479537293417
0.0153,-0.009,0.0229,0.0026,0.0556,1,2,1,7.34094209786236
-0.0949,-0.0159,0.004,0.0162,0.0109,2,1,2,7.33109080562795
0.0144,-9e-04,0.0167,0.0119,-0.0255,1,1,1,7.35355078152286
0.0149,-0.0075,0.0228,-0.0062,0.0394,1,1,2,7.24088237910015
0.0135,-0.0057,0.0125,0.0057,0.0309,1,1,2,7.40356365304328
-0.0688,-0.0116,-0.0083,0.0063,-0.0024,2,1,1,7.41432059746914
0.0143,-0.0138,-0.0043,0.0155,0.019,2,1,2,7.51034286879103
0.0137,-0.0026,0.021,-0.0021,0.0184,1,1,1,7.45704597625816
0.0071,-2e-04,-0.1421,0.0056,0.0176,1,1,1,7.49169329814096
0.0153,-0.0078,0.0171,0.0059,0.0115,1,1,1,7.41394253030071
0.015,-0.0054,0.0158,-0.0077,0.0455,1,1,2,7.5179082427973
0.0158,-0.0059,0.0079,-0.0092,0.0102,1,1,1,7.2384436645606
0.0153,-0.0076,0.0185,-0.0051,0.013,1,1,2,7.33930423326493
0.0134,-0.0044,0.0011,0.0033,0.0116,1,1,2,7.35774564006734
0.0139,-0.0015,0.0043,0.0169,-0.0483,1,1,2,7.23333820475388
0.0152,-0.0073,0.0241,0.0048,0.0292,1,1,2,7.3368378057076
0.015,-4e-04,0.0354,0.0279,-0.1152,1,1,1,7.41416290029214
0.0145,-0.001,0.0397,0.0261,-0.1341,1,1,1,7.46573634521402
0.0143,-0.0024,0.0226,0.0155,-0.1301,1,1,1,7.29092820441838
0.0128,-0.0016,-0.018,-0.0215,-0.0011,1,1,1,7.36911181842929
0.0151,0.0017,0.0286,0.0139,-0.0979,1,1,2,7.35128017903499
-0.0232,0.2898,0.0214,0.0909,0.0326,1,1,1,7.2430401332948
0.0149,-0.0062,0.0149,0.0121,0.0248,1,1,1,7.53217040174173
0.0075,0.0044,-0.1665,-0.0039,-0.0384,2,1,2,7.39592635345124
0.015,-0.0046,0.0153,0.0075,0.0016,1,1,1,7.34985771471819
0.014,-0.0075,0.0067,0.0011,0.0395,1,2,1,7.23774631138384
0.0142,-0.0049,0.0168,-0.0105,0.024,1,2,2,7.11351318780317
0.013,-0.0061,0.0114,0.0081,0.0046,2,1,1,7.47199572423855
0.0139,0.0025,0.0103,-2e-04,-0.1264,1,1,2,7.3737259651291
0.0157,-0.0099,0.0188,0.011,0.032,1,1,1,7.47021716191376
0.0146,-6e-04,-0.0046,0.0227,-0.1009,1,1,1,7.36335215272214
0.0132,-0.0025,0.003,0.0018,0.0099,2,1,1,7.35091902753641
0.007,-0.0013,-0.1507,0.0103,0.0032,1,1,1,7.3577700695619
-0.0926,-0.0147,0.0197,0.0035,0.0049,1,1,1,7.36057281532628
0.0152,-0.0087,0.0094,-0.0094,0.0197,1,1,1,7.30413419984047
0.0137,-0.0064,-0.0103,0.014,0.0061,1,1,2,7.30739033959666
0.0145,0.0012,0.0143,0.0268,-0.1128,1,1,1,7.37563956709543
0.0135,-0.0076,-0.004,0.0036,0.0456,1,1,2,7.43935957187882
-0.0628,-0.0129,0.0159,-0.0074,0.0036,2,1,2,7.34488999248014
-0.0761,-0.0096,0.0146,0.0073,0.0152,1,1,2,7.48974795721516
0.0148,-0.0073,-0.0034,-0.0065,0.0105,1,2,1,7.17880471969976
